Date,District,Cases
6/3/2020,Bagerhat,0
6/3/2020,Bandarban,0
6/3/2020,Barguna,3
6/3/2020,Barishal,7
6/3/2020,Bhola,2
6/3/2020,Bogura,1
6/3/2020,Brahmmanbaria,0
6/3/2020,Chandpur,25
6/3/2020,Chapai Nawabganj,0
6/3/2020,Chattogram,116
6/3/2020,Chuadanga,2
6/3/2020,Cox s Bazar,61
6/3/2020,Cumilla,53
6/3/2020,Dhaka,703
6/3/2020,Dinajpur,0
6/3/2020,Faridpur,34
6/3/2020,Feni,15
6/3/2020,Gaibandha,1
6/3/2020,Gazipur,22
6/3/2020,Gopalganj,25
6/3/2020,Habiganj,0
6/3/2020,Jamalpur,9
6/3/2020,Jashore,1
6/3/2020,Jhalakhati,4
6/3/2020,Jhenaidah,1
6/3/2020,Joypurhat,0
6/3/2020,Khagrachhari,0
6/3/2020,Khulna,23
6/3/2020,Kishoreganj,6
6/3/2020,Kurigram,1
6/3/2020,Kushtia,9
6/3/2020,Lakshmipur,0
6/3/2020,Lalmonirhat,3
6/3/2020,Madaripur,1
6/3/2020,Magura,3
6/3/2020,Manikganj,1
6/3/2020,Meherpur,1
6/3/2020,Moulvibazar,0
6/3/2020,Munshiganj,115
6/3/2020,Mymensing,6
6/3/2020,Naogaon,0
6/3/2020,Narail,0
6/3/2020,Narayanganj,76
6/3/2020,Narsingdi,4
6/3/2020,Natore,2
6/3/2020,Netrokona,5
6/3/2020,Nilphamari,0
6/3/2020,Noakhali,59
6/3/2020,Pabna,15
6/3/2020,Panchagarh,0
6/3/2020,Patuakhali,1
6/3/2020,Pirojpur,2
6/3/2020,Rajbari,0
6/3/2020,Rajshahi,1
6/3/2020,Rangamati,0
6/3/2020,Rangpur,10
6/3/2020,Satkhira,0
6/3/2020,Shariatpur,0
6/3/2020,Sherpur,14
6/3/2020,Sirajganj,1
6/3/2020,Sunamganj,27
6/3/2020,Sylhet,98
6/3/2020,Tangail,0
6/3/2020,Thakurgaon,0
6/2/2020,Bagerhat,5
6/2/2020,Bandarban,0
6/2/2020,Barguna,4
6/2/2020,Barishal,56
6/2/2020,Bhola,9
6/2/2020,Bogura,30
6/2/2020,Brahmmanbaria,5
6/2/2020,Chandpur,47
6/2/2020,Chapai Nawabganj,0
6/2/2020,Chattogram,200
6/2/2020,Chuadanga,2
6/2/2020,Cox s Bazar,89
6/2/2020,Cumilla,81
6/2/2020,Dhaka,1083
6/2/2020,Dinajpur,36
6/2/2020,Faridpur,17
6/2/2020,Feni,21
6/2/2020,Gaibandha,2
6/2/2020,Gazipur,43
6/2/2020,Gopalganj,6
6/2/2020,Habiganj,2
6/2/2020,Jamalpur,3
6/2/2020,Jashore,1
6/2/2020,Jhalakhati,0
6/2/2020,Jhenaidah,1
6/2/2020,Joypurhat,0
6/2/2020,Khagrachhari,0
6/2/2020,Khulna,18
6/2/2020,Kishoreganj,0
6/2/2020,Kurigram,1
6/2/2020,Kushtia,11
6/2/2020,Lakshmipur,1
6/2/2020,Lalmonirhat,0
6/2/2020,Madaripur,30
6/2/2020,Magura,0
6/2/2020,Manikganj,23
6/2/2020,Meherpur,1
6/2/2020,Moulvibazar,0
6/2/2020,Munshiganj,61
6/2/2020,Mymensing,0
6/2/2020,Naogaon,0
6/2/2020,Narail,0
6/2/2020,Narayanganj,180
6/2/2020,Narsingdi,3
6/2/2020,Natore,1
6/2/2020,Netrokona,13
6/2/2020,Nilphamari,17
6/2/2020,Noakhali,57
6/2/2020,Pabna,1
6/2/2020,Panchagarh,1
6/2/2020,Patuakhali,5
6/2/2020,Pirojpur,9
6/2/2020,Rajbari,2
6/2/2020,Rajshahi,9
6/2/2020,Rangamati,0
6/2/2020,Rangpur,13
6/2/2020,Satkhira,1
6/2/2020,Shariatpur,1
6/2/2020,Sherpur,0
6/2/2020,Sirajganj,0
6/2/2020,Sunamganj,10
6/2/2020,Sylhet,47
6/2/2020,Tangail,1
6/2/2020,Thakurgaon,0
6/1/2020,Bagerhat,2
6/1/2020,Bandarban,3
6/1/2020,Barguna,0
6/1/2020,Barishal,0
6/1/2020,Bhola,23
6/1/2020,Bogura,0
6/1/2020,Brahmmanbaria,0
6/1/2020,Chandpur,4
6/1/2020,Chapai Nawabganj,0
6/1/2020,Chattogram,24
6/1/2020,Chuadanga,6
6/1/2020,Cox s Bazar,64
6/1/2020,Cumilla,111
6/1/2020,Dhaka,458
6/1/2020,Dinajpur,0
6/1/2020,Faridpur,0
6/1/2020,Feni,5
6/1/2020,Gaibandha,3
6/1/2020,Gazipur,7
6/1/2020,Gopalganj,0
6/1/2020,Habiganj,0
6/1/2020,Jamalpur,0
6/1/2020,Jashore,4
6/1/2020,Jhalakhati,0
6/1/2020,Jhenaidah,5
6/1/2020,Joypurhat,23
6/1/2020,Khagrachhari,5
6/1/2020,Khulna,6
6/1/2020,Kishoreganj,0
6/1/2020,Kurigram,2
6/1/2020,Kushtia,6
6/1/2020,Lakshmipur,0
6/1/2020,Lalmonirhat,0
6/1/2020,Madaripur,21
6/1/2020,Magura,4
6/1/2020,Manikganj,0
6/1/2020,Meherpur,3
6/1/2020,Moulvibazar,0
6/1/2020,Munshiganj,0
6/1/2020,Mymensing,0
6/1/2020,Naogaon,15
6/1/2020,Narail,4
6/1/2020,Narayanganj,6
6/1/2020,Narsingdi,0
6/1/2020,Natore,0
6/1/2020,Netrokona,0
6/1/2020,Nilphamari,21
6/1/2020,Noakhali,43
6/1/2020,Pabna,0
6/1/2020,Panchagarh,2
6/1/2020,Patuakhali,0
6/1/2020,Pirojpur,0
6/1/2020,Rajbari,0
6/1/2020,Rajshahi,0
6/1/2020,Rangamati,1
6/1/2020,Rangpur,29
6/1/2020,Satkhira,0
6/1/2020,Shariatpur,4
6/1/2020,Sherpur,0
6/1/2020,Sirajganj,5
6/1/2020,Sunamganj,0
6/1/2020,Sylhet,71
6/1/2020,Tangail,0
6/1/2020,Thakurgaon,4
5/31/2020,Bagerhat,17
5/31/2020,Bandarban,5
5/31/2020,Barguna,23
5/31/2020,Barishal,0
5/31/2020,Bhola,0
5/31/2020,Bogura,0
5/31/2020,Brahmmanbaria,0
5/31/2020,Chandpur,18
5/31/2020,Chapai Nawabganj,8
5/31/2020,Chattogram,153
5/31/2020,Chuadanga,0
5/31/2020,Cox s Bazar,98
5/31/2020,Cumilla,75
5/31/2020,Dhaka,842
5/31/2020,Dinajpur,0
5/31/2020,Faridpur,51
5/31/2020,Feni,58
5/31/2020,Gaibandha,0
5/31/2020,Gazipur,430
5/31/2020,Gopalganj,65
5/31/2020,Habiganj,3
5/31/2020,Jamalpur,0
5/31/2020,Jashore,4
5/31/2020,Jhalakhati,0
5/31/2020,Jhenaidah,2
5/31/2020,Joypurhat,0
5/31/2020,Khagrachhari,7
5/31/2020,Khulna,3
5/31/2020,Kishoreganj,0
5/31/2020,Kurigram,1
5/31/2020,Kushtia,6
5/31/2020,Lakshmipur,1
5/31/2020,Lalmonirhat,2
5/31/2020,Madaripur,9
5/31/2020,Magura,0
5/31/2020,Manikganj,8
5/31/2020,Meherpur,7
5/31/2020,Moulvibazar,0
5/31/2020,Munshiganj,59
5/31/2020,Mymensing,2
5/31/2020,Naogaon,64
5/31/2020,Narail,0
5/31/2020,Narayanganj,90
5/31/2020,Narsingdi,5
5/31/2020,Natore,5
5/31/2020,Netrokona,1
5/31/2020,Nilphamari,0
5/31/2020,Noakhali,52
5/31/2020,Pabna,7
5/31/2020,Panchagarh,0
5/31/2020,Patuakhali,42
5/31/2020,Pirojpur,1
5/31/2020,Rajbari,20
5/31/2020,Rajshahi,12
5/31/2020,Rangamati,0
5/31/2020,Rangpur,12
5/31/2020,Satkhira,3
5/31/2020,Shariatpur,1
5/31/2020,Sherpur,1
5/31/2020,Sirajganj,15
5/31/2020,Sunamganj,0
5/31/2020,Sylhet,55
5/31/2020,Tangail,0
5/31/2020,Thakurgaon,0
5/30/2020,Bagerhat,17
5/30/2020,Bandarban,5
5/30/2020,Barguna,23
5/30/2020,Barishal,0
5/30/2020,Bhola,0
5/30/2020,Bogura,0
5/30/2020,Brahmmanbaria,0
5/30/2020,Chandpur,18
5/30/2020,Chapai Nawabganj,8
5/30/2020,Chattogram,153
5/30/2020,Chuadanga,0
5/30/2020,Cox s Bazar,98
5/30/2020,Cumilla,75
5/30/2020,Dhaka,842
5/30/2020,Dinajpur,0
5/30/2020,Faridpur,51
5/30/2020,Feni,58
5/30/2020,Gaibandha,0
5/30/2020,Gazipur,430
5/30/2020,Gopalganj,65
5/30/2020,Habiganj,3
5/30/2020,Jamalpur,0
5/30/2020,Jashore,4
5/30/2020,Jhalakhati,0
5/30/2020,Jhenaidah,2
5/30/2020,Joypurhat,0
5/30/2020,Khagrachhari,7
5/30/2020,Khulna,3
5/30/2020,Kishoreganj,0
5/30/2020,Kurigram,1
5/30/2020,Kushtia,6
5/30/2020,Lakshmipur,1
5/30/2020,Lalmonirhat,2
5/30/2020,Madaripur,9
5/30/2020,Magura,0
5/30/2020,Manikganj,8
5/30/2020,Meherpur,7
5/30/2020,Moulvibazar,0
5/30/2020,Munshiganj,59
5/30/2020,Mymensing,2
5/30/2020,Naogaon,64
5/30/2020,Narail,0
5/30/2020,Narayanganj,90
5/30/2020,Narsingdi,5
5/30/2020,Natore,5
5/30/2020,Netrokona,1
5/30/2020,Nilphamari,0
5/30/2020,Noakhali,52
5/30/2020,Pabna,7
5/30/2020,Panchagarh,0
5/30/2020,Patuakhali,42
5/30/2020,Pirojpur,1
5/30/2020,Rajbari,20
5/30/2020,Rajshahi,12
5/30/2020,Rangamati,0
5/30/2020,Rangpur,12
5/30/2020,Satkhira,3
5/30/2020,Shariatpur,1
5/30/2020,Sherpur,1
5/30/2020,Sirajganj,15
5/30/2020,Sunamganj,0
5/30/2020,Sylhet,55
5/30/2020,Tangail,0
5/30/2020,Thakurgaon,0
5/29/2020,Bagerhat,0
5/29/2020,Bandarban,2
5/29/2020,Barguna,0
5/29/2020,Barishal,0
5/29/2020,Bhola,0
5/29/2020,Bogura,22
5/29/2020,Brahmmanbaria,0
5/29/2020,Chandpur,0
5/29/2020,Chapai Nawabganj,0
5/29/2020,Chattogram,62
5/29/2020,Chuadanga,4
5/29/2020,Cox s Bazar,68
5/29/2020,Cumilla,0
5/29/2020,Dhaka,470
5/29/2020,Dinajpur,26
5/29/2020,Faridpur,0
5/29/2020,Feni,5
5/29/2020,Gaibandha,8
5/29/2020,Gazipur,0
5/29/2020,Gopalganj,0
5/29/2020,Habiganj,0
5/29/2020,Jamalpur,0
5/29/2020,Jashore,0
5/29/2020,Jhalakhati,0
5/29/2020,Jhenaidah,0
5/29/2020,Joypurhat,5
5/29/2020,Khagrachhari,0
5/29/2020,Khulna,0
5/29/2020,Kishoreganj,0
5/29/2020,Kurigram,3
5/29/2020,Kushtia,11
5/29/2020,Lakshmipur,0
5/29/2020,Lalmonirhat,0
5/29/2020,Madaripur,0
5/29/2020,Magura,0
5/29/2020,Manikganj,0
5/29/2020,Meherpur,4
5/29/2020,Moulvibazar,0
5/29/2020,Munshiganj,0
5/29/2020,Mymensing,0
5/29/2020,Naogaon,13
5/29/2020,Narail,0
5/29/2020,Narayanganj,0
5/29/2020,Narsingdi,0
5/29/2020,Natore,0
5/29/2020,Netrokona,0
5/29/2020,Nilphamari,10
5/29/2020,Noakhali,55
5/29/2020,Pabna,0
5/29/2020,Panchagarh,9
5/29/2020,Patuakhali,0
5/29/2020,Pirojpur,0
5/29/2020,Rajbari,0
5/29/2020,Rajshahi,0
5/29/2020,Rangamati,0
5/29/2020,Rangpur,6
5/29/2020,Satkhira,0
5/29/2020,Shariatpur,0
5/29/2020,Sherpur,0
5/29/2020,Sirajganj,1
5/29/2020,Sunamganj,17
5/29/2020,Sylhet,0
5/29/2020,Tangail,0
5/29/2020,Thakurgaon,0
5/28/2020,Bagerhat,0
5/28/2020,Bandarban,3
5/28/2020,Barguna,0
5/28/2020,Barishal,2
5/28/2020,Bhola,0
5/28/2020,Bogura,0
5/28/2020,Brahmmanbaria,0
5/28/2020,Chandpur,0
5/28/2020,Chapai Nawabganj,2
5/28/2020,Chattogram,88
5/28/2020,Chuadanga,0
5/28/2020,Cox s Bazar,60
5/28/2020,Cumilla,18
5/28/2020,Dhaka,249
5/28/2020,Dinajpur,1
5/28/2020,Faridpur,0
5/28/2020,Feni,44
5/28/2020,Gaibandha,0
5/28/2020,Gazipur,6
5/28/2020,Gopalganj,0
5/28/2020,Habiganj,0
5/28/2020,Jamalpur,0
5/28/2020,Jashore,0
5/28/2020,Jhalakhati,3
5/28/2020,Jhenaidah,0
5/28/2020,Joypurhat,0
5/28/2020,Khagrachhari,0
5/28/2020,Khulna,0
5/28/2020,Kishoreganj,0
5/28/2020,Kurigram,0
5/28/2020,Kushtia,8
5/28/2020,Lakshmipur,0
5/28/2020,Lalmonirhat,0
5/28/2020,Madaripur,0
5/28/2020,Magura,0
5/28/2020,Manikganj,1
5/28/2020,Meherpur,1
5/28/2020,Moulvibazar,0
5/28/2020,Munshiganj,40
5/28/2020,Mymensing,65
5/28/2020,Naogaon,0
5/28/2020,Narail,0
5/28/2020,Narayanganj,113
5/28/2020,Narsingdi,0
5/28/2020,Natore,0
5/28/2020,Netrokona,0
5/28/2020,Nilphamari,0
5/28/2020,Noakhali,41
5/28/2020,Pabna,0
5/28/2020,Panchagarh,0
5/28/2020,Patuakhali,0
5/28/2020,Pirojpur,1
5/28/2020,Rajbari,0
5/28/2020,Rajshahi,2
5/28/2020,Rangamati,0
5/28/2020,Rangpur,0
5/28/2020,Satkhira,0
5/28/2020,Shariatpur,0
5/28/2020,Sherpur,0
5/28/2020,Sirajganj,1
5/28/2020,Sunamganj,0
5/28/2020,Sylhet,0
5/28/2020,Tangail,0
5/28/2020,Thakurgaon,0
5/27/2020,Bagerhat,1
5/27/2020,Bandarban,4
5/27/2020,Barguna,0
5/27/2020,Barishal,0
5/27/2020,Bhola,9
5/27/2020,Bogura,0
5/27/2020,Brahmmanbaria,1
5/27/2020,Chandpur,2
5/27/2020,Chapai Nawabganj,3
5/27/2020,Chattogram,190
5/27/2020,Chuadanga,0
5/27/2020,Cox s Bazar,38
5/27/2020,Cumilla,73
5/27/2020,Dhaka,577
5/27/2020,Dinajpur,1
5/27/2020,Faridpur,25
5/27/2020,Feni,13
5/27/2020,Gaibandha,4
5/27/2020,Gazipur,11
5/27/2020,Gopalganj,3
5/27/2020,Habiganj,0
5/27/2020,Jamalpur,0
5/27/2020,Jashore,0
5/27/2020,Jhalakhati,0
5/27/2020,Jhenaidah,0
5/27/2020,Joypurhat,0
5/27/2020,Khagrachhari,0
5/27/2020,Khulna,6
5/27/2020,Kishoreganj,2
5/27/2020,Kurigram,0
5/27/2020,Kushtia,4
5/27/2020,Lakshmipur,31
5/27/2020,Lalmonirhat,1
5/27/2020,Madaripur,8
5/27/2020,Magura,1
5/27/2020,Manikganj,1
5/27/2020,Meherpur,1
5/27/2020,Moulvibazar,0
5/27/2020,Munshiganj,3
5/27/2020,Mymensing,15
5/27/2020,Naogaon,0
5/27/2020,Narail,0
5/27/2020,Narayanganj,27
5/27/2020,Narsingdi,1
5/27/2020,Natore,2
5/27/2020,Netrokona,1
5/27/2020,Nilphamari,0
5/27/2020,Noakhali,61
5/27/2020,Pabna,1
5/27/2020,Panchagarh,0
5/27/2020,Patuakhali,4
5/27/2020,Pirojpur,0
5/27/2020,Rajbari,2
5/27/2020,Rajshahi,1
5/27/2020,Rangamati,2
5/27/2020,Rangpur,15
5/27/2020,Satkhira,3
5/27/2020,Shariatpur,30
5/27/2020,Sherpur,3
5/27/2020,Sirajganj,1
5/27/2020,Sunamganj,6
5/27/2020,Sylhet,60
5/27/2020,Tangail,1
5/27/2020,Thakurgaon,0
5/26/2020,Bagerhat,0
5/26/2020,Bandarban,0
5/26/2020,Barguna,0
5/26/2020,Barishal,0
5/26/2020,Bhola,0
5/26/2020,Bogura,0
5/26/2020,Brahmmanbaria,14
5/26/2020,Chandpur,0
5/26/2020,Chapai Nawabganj,3
5/26/2020,Chattogram,38
5/26/2020,Chuadanga,0
5/26/2020,Cox s Bazar,35
5/26/2020,Cumilla,43
5/26/2020,Dhaka,652
5/26/2020,Dinajpur,0
5/26/2020,Faridpur,0
5/26/2020,Feni,0
5/26/2020,Gaibandha,1
5/26/2020,Gazipur,9
5/26/2020,Gopalganj,0
5/26/2020,Habiganj,4
5/26/2020,Jamalpur,0
5/26/2020,Jashore,2
5/26/2020,Jhalakhati,0
5/26/2020,Jhenaidah,0
5/26/2020,Joypurhat,0
5/26/2020,Khagrachhari,9
5/26/2020,Khulna,3
5/26/2020,Kishoreganj,0
5/26/2020,Kurigram,0
5/26/2020,Kushtia,0
5/26/2020,Lakshmipur,0
5/26/2020,Lalmonirhat,4
5/26/2020,Madaripur,0
5/26/2020,Magura,0
5/26/2020,Manikganj,2
5/26/2020,Meherpur,0
5/26/2020,Moulvibazar,6
5/26/2020,Munshiganj,0
5/26/2020,Mymensing,9
5/26/2020,Naogaon,0
5/26/2020,Narail,1
5/26/2020,Narayanganj,1
5/26/2020,Narsingdi,0
5/26/2020,Natore,0
5/26/2020,Netrokona,4
5/26/2020,Nilphamari,0
5/26/2020,Noakhali,0
5/26/2020,Pabna,0
5/26/2020,Panchagarh,0
5/26/2020,Patuakhali,0
5/26/2020,Pirojpur,1
5/26/2020,Rajbari,0
5/26/2020,Rajshahi,2
5/26/2020,Rangamati,0
5/26/2020,Rangpur,8
5/26/2020,Satkhira,2
5/26/2020,Shariatpur,0
5/26/2020,Sherpur,2
5/26/2020,Sirajganj,1
5/26/2020,Sunamganj,0
5/26/2020,Sylhet,19
5/26/2020,Tangail,0
5/26/2020,Thakurgaon,0
5/25/2020,Bagerhat,0
5/25/2020,Bandarban,0
5/25/2020,Barguna,0
5/25/2020,Barishal,0
5/25/2020,Bhola,0
5/25/2020,Bogura,0
5/25/2020,Brahmmanbaria,1
5/25/2020,Chandpur,3
5/25/2020,Chapai Nawabganj,0
5/25/2020,Chattogram,121
5/25/2020,Chuadanga,0
5/25/2020,Cox s Bazar,25
5/25/2020,Cumilla,70
5/25/2020,Dhaka,282
5/25/2020,Dinajpur,3
5/25/2020,Faridpur,12
5/25/2020,Feni,3
5/25/2020,Gaibandha,0
5/25/2020,Gazipur,18
5/25/2020,Gopalganj,22
5/25/2020,Habiganj,0
5/25/2020,Jamalpur,13
5/25/2020,Jashore,1
5/25/2020,Jhalakhati,1
5/25/2020,Jhenaidah,0
5/25/2020,Joypurhat,0
5/25/2020,Khagrachhari,0
5/25/2020,Khulna,8
5/25/2020,Kishoreganj,0
5/25/2020,Kurigram,0
5/25/2020,Kushtia,0
5/25/2020,Lakshmipur,0
5/25/2020,Lalmonirhat,0
5/25/2020,Madaripur,5
5/25/2020,Magura,0
5/25/2020,Manikganj,0
5/25/2020,Meherpur,0
5/25/2020,Moulvibazar,0
5/25/2020,Munshiganj,54
5/25/2020,Mymensing,1
5/25/2020,Naogaon,0
5/25/2020,Narail,0
5/25/2020,Narayanganj,79
5/25/2020,Narsingdi,0
5/25/2020,Natore,1
5/25/2020,Netrokona,0
5/25/2020,Nilphamari,8
5/25/2020,Noakhali,39
5/25/2020,Pabna,0
5/25/2020,Panchagarh,0
5/25/2020,Patuakhali,0
5/25/2020,Pirojpur,0
5/25/2020,Rajbari,1
5/25/2020,Rajshahi,1
5/25/2020,Rangamati,1
5/25/2020,Rangpur,6
5/25/2020,Satkhira,1
5/25/2020,Shariatpur,0
5/25/2020,Sherpur,0
5/25/2020,Sirajganj,1
5/25/2020,Sunamganj,13
5/25/2020,Sylhet,0
5/25/2020,Tangail,0
5/25/2020,Thakurgaon,2
5/24/2020,Bagerhat,4
5/24/2020,Bandarban,2
5/24/2020,Barguna,0
5/24/2020,Barishal,0
5/24/2020,Bhola,0
5/24/2020,Bogura,0
5/24/2020,Brahmmanbaria,0
5/24/2020,Chandpur,1
5/24/2020,Chapai Nawabganj,0
5/24/2020,Chattogram,82
5/24/2020,Chuadanga,0
5/24/2020,Cox s Bazar,48
5/24/2020,Cumilla,34
5/24/2020,Dhaka,320
5/24/2020,Dinajpur,0
5/24/2020,Faridpur,0
5/24/2020,Feni,0
5/24/2020,Gaibandha,0
5/24/2020,Gazipur,20
5/24/2020,Gopalganj,0
5/24/2020,Habiganj,0
5/24/2020,Jamalpur,0
5/24/2020,Jashore,1
5/24/2020,Jhalakhati,0
5/24/2020,Jhenaidah,0
5/24/2020,Joypurhat,0
5/24/2020,Khagrachhari,0
5/24/2020,Khulna,5
5/24/2020,Kishoreganj,0
5/24/2020,Kurigram,0
5/24/2020,Kushtia,0
5/24/2020,Lakshmipur,0
5/24/2020,Lalmonirhat,0
5/24/2020,Madaripur,6
5/24/2020,Magura,0
5/24/2020,Manikganj,17
5/24/2020,Meherpur,0
5/24/2020,Moulvibazar,0
5/24/2020,Munshiganj,20
5/24/2020,Mymensing,0
5/24/2020,Naogaon,1
5/24/2020,Narail,0
5/24/2020,Narayanganj,31
5/24/2020,Narsingdi,0
5/24/2020,Natore,0
5/24/2020,Netrokona,0
5/24/2020,Nilphamari,1
5/24/2020,Noakhali,0
5/24/2020,Pabna,1
5/24/2020,Panchagarh,0
5/24/2020,Patuakhali,0
5/24/2020,Pirojpur,0
5/24/2020,Rajbari,0
5/24/2020,Rajshahi,5
5/24/2020,Rangamati,2
5/24/2020,Rangpur,6
5/24/2020,Satkhira,0
5/24/2020,Shariatpur,0
5/24/2020,Sherpur,0
5/24/2020,Sirajganj,0
5/24/2020,Sunamganj,0
5/24/2020,Sylhet,18
5/24/2020,Tangail,0
5/24/2020,Thakurgaon,0
5/23/2020,Bagerhat,0
5/23/2020,Bandarban,0
5/23/2020,Barguna,0
5/23/2020,Barishal,4
5/23/2020,Bhola,0
5/23/2020,Bogura,59
5/23/2020,Brahmmanbaria,10
5/23/2020,Chandpur,0
5/23/2020,Chapai Nawabganj,0
5/23/2020,Chattogram,151
5/23/2020,Chuadanga,0
5/23/2020,Cox s Bazar,33
5/23/2020,Cumilla,51
5/23/2020,Dhaka,575
5/23/2020,Dinajpur,1
5/23/2020,Faridpur,1
5/23/2020,Feni,0
5/23/2020,Gaibandha,4
5/23/2020,Gazipur,10
5/23/2020,Gopalganj,1
5/23/2020,Habiganj,3
5/23/2020,Jamalpur,8
5/23/2020,Jashore,0
5/23/2020,Jhalakhati,0
5/23/2020,Jhenaidah,1
5/23/2020,Joypurhat,10
5/23/2020,Khagrachhari,2
5/23/2020,Khulna,4
5/23/2020,Kishoreganj,0
5/23/2020,Kurigram,2
5/23/2020,Kushtia,3
5/23/2020,Lakshmipur,0
5/23/2020,Lalmonirhat,1
5/23/2020,Madaripur,24
5/23/2020,Magura,0
5/23/2020,Manikganj,34
5/23/2020,Meherpur,4
5/23/2020,Moulvibazar,1
5/23/2020,Munshiganj,0
5/23/2020,Mymensing,19
5/23/2020,Naogaon,0
5/23/2020,Narail,0
5/23/2020,Narayanganj,35
5/23/2020,Narsingdi,0
5/23/2020,Natore,0
5/23/2020,Netrokona,5
5/23/2020,Nilphamari,3
5/23/2020,Noakhali,5
5/23/2020,Pabna,0
5/23/2020,Panchagarh,5
5/23/2020,Patuakhali,0
5/23/2020,Pirojpur,1
5/23/2020,Rajbari,29
5/23/2020,Rajshahi,1
5/23/2020,Rangamati,10
5/23/2020,Rangpur,3
5/23/2020,Satkhira,1
5/23/2020,Shariatpur,0
5/23/2020,Sherpur,2
5/23/2020,Sirajganj,6
5/23/2020,Sunamganj,7
5/23/2020,Sylhet,40
5/23/2020,Tangail,1
5/23/2020,Thakurgaon,10
5/22/2020,Bagerhat,0
5/22/2020,Bandarban,9
5/22/2020,Barguna,0
5/22/2020,Barishal,0
5/22/2020,Bhola,1
5/22/2020,Bogura,47
5/22/2020,Brahmmanbaria,3
5/22/2020,Chandpur,13
5/22/2020,Chapai Nawabganj,2
5/22/2020,Chattogram,216
5/22/2020,Chuadanga,0
5/22/2020,Cox s Bazar,46
5/22/2020,Cumilla,57
5/22/2020,Dhaka,229
5/22/2020,Dinajpur,22
5/22/2020,Faridpur,1
5/22/2020,Feni,1
5/22/2020,Gaibandha,0
5/22/2020,Gazipur,0
5/22/2020,Gopalganj,9
5/22/2020,Habiganj,25
5/22/2020,Jamalpur,10
5/22/2020,Jashore,24
5/22/2020,Jhalakhati,9
5/22/2020,Jhenaidah,0
5/22/2020,Joypurhat,27
5/22/2020,Khagrachhari,2
5/22/2020,Khulna,2
5/22/2020,Kishoreganj,19
5/22/2020,Kurigram,0
5/22/2020,Kushtia,0
5/22/2020,Lakshmipur,0
5/22/2020,Lalmonirhat,4
5/22/2020,Madaripur,0
5/22/2020,Magura,0
5/22/2020,Manikganj,10
5/22/2020,Meherpur,3
5/22/2020,Moulvibazar,27
5/22/2020,Munshiganj,149
5/22/2020,Mymensing,5
5/22/2020,Naogaon,47
5/22/2020,Narail,2
5/22/2020,Narayanganj,105
5/22/2020,Narsingdi,0
5/22/2020,Natore,0
5/22/2020,Netrokona,27
5/22/2020,Nilphamari,16
5/22/2020,Noakhali,93
5/22/2020,Pabna,7
5/22/2020,Panchagarh,5
5/22/2020,Patuakhali,6
5/22/2020,Pirojpur,4
5/22/2020,Rajbari,0
5/22/2020,Rajshahi,0
5/22/2020,Rangamati,3
5/22/2020,Rangpur,2
5/22/2020,Satkhira,3
5/22/2020,Shariatpur,0
5/22/2020,Sherpur,12
5/22/2020,Sirajganj,0
5/22/2020,Sunamganj,18
5/22/2020,Sylhet,107
5/22/2020,Tangail,6
5/22/2020,Thakurgaon,10
5/21/2020,Bagerhat,2
5/21/2020,Bandarban,0
5/21/2020,Barguna,4
5/21/2020,Barishal,3
5/21/2020,Bhola,0
5/21/2020,Bogura,27
5/21/2020,Brahmmanbaria,20
5/21/2020,Chandpur,4
5/21/2020,Chapai Nawabganj,3
5/21/2020,Chattogram,235
5/21/2020,Chuadanga,0
5/21/2020,Cox s Bazar,51
5/21/2020,Cumilla,25
5/21/2020,Dhaka,1182
5/21/2020,Dinajpur,16
5/21/2020,Faridpur,27
5/21/2020,Feni,2
5/21/2020,Gaibandha,0
5/21/2020,Gazipur,22
5/21/2020,Gopalganj,0
5/21/2020,Habiganj,21
5/21/2020,Jamalpur,23
5/21/2020,Jashore,0
5/21/2020,Jhalakhati,1
5/21/2020,Jhenaidah,1
5/21/2020,Joypurhat,1
5/21/2020,Khagrachhari,13
5/21/2020,Khulna,8
5/21/2020,Kishoreganj,3
5/21/2020,Kurigram,2
5/21/2020,Kushtia,0
5/21/2020,Lakshmipur,0
5/21/2020,Lalmonirhat,0
5/21/2020,Madaripur,1
5/21/2020,Magura,1
5/21/2020,Manikganj,11
5/21/2020,Meherpur,0
5/21/2020,Moulvibazar,27
5/21/2020,Munshiganj,32
5/21/2020,Mymensing,24
5/21/2020,Naogaon,1
5/21/2020,Narail,4
5/21/2020,Narayanganj,84
5/21/2020,Narsingdi,0
5/21/2020,Natore,6
5/21/2020,Netrokona,54
5/21/2020,Nilphamari,9
5/21/2020,Noakhali,81
5/21/2020,Pabna,1
5/21/2020,Panchagarh,10
5/21/2020,Patuakhali,1
5/21/2020,Pirojpur,0
5/21/2020,Rajbari,0
5/21/2020,Rajshahi,9
5/21/2020,Rangamati,3
5/21/2020,Rangpur,44
5/21/2020,Satkhira,3
5/21/2020,Shariatpur,0
5/21/2020,Sherpur,1
5/21/2020,Sirajganj,0
5/21/2020,Sunamganj,7
5/21/2020,Sylhet,0
5/21/2020,Tangail,1
5/21/2020,Thakurgaon,7
5/20/2020,Bagerhat,0
5/20/2020,Bandarban,1
5/20/2020,Barguna,0
5/20/2020,Barishal,1
5/20/2020,Bhola,0
5/20/2020,Bogura,7
5/20/2020,Brahmmanbaria,0
5/20/2020,Chandpur,0
5/20/2020,Chapai Nawabganj,5
5/20/2020,Chattogram,160
5/20/2020,Chuadanga,0
5/20/2020,Cox s Bazar,33
5/20/2020,Cumilla,29
5/20/2020,Dhaka,1508
5/20/2020,Dinajpur,6
5/20/2020,Faridpur,37
5/20/2020,Feni,0
5/20/2020,Gaibandha,0
5/20/2020,Gazipur,4
5/20/2020,Gopalganj,3
5/20/2020,Habiganj,0
5/20/2020,Jamalpur,0
5/20/2020,Jashore,7
5/20/2020,Jhalakhati,0
5/20/2020,Jhenaidah,1
5/20/2020,Joypurhat,0
5/20/2020,Khagrachhari,0
5/20/2020,Khulna,4
5/20/2020,Kishoreganj,2
5/20/2020,Kurigram,0
5/20/2020,Kushtia,4
5/20/2020,Lakshmipur,3
5/20/2020,Lalmonirhat,1
5/20/2020,Madaripur,2
5/20/2020,Magura,0
5/20/2020,Manikganj,0
5/20/2020,Meherpur,0
5/20/2020,Moulvibazar,0
5/20/2020,Munshiganj,17
5/20/2020,Mymensing,11
5/20/2020,Naogaon,8
5/20/2020,Narail,3
5/20/2020,Narayanganj,74
5/20/2020,Narsingdi,1
5/20/2020,Natore,0
5/20/2020,Netrokona,8
5/20/2020,Nilphamari,0
5/20/2020,Noakhali,31
5/20/2020,Pabna,8
5/20/2020,Panchagarh,0
5/20/2020,Patuakhali,0
5/20/2020,Pirojpur,0
5/20/2020,Rajbari,6
5/20/2020,Rajshahi,4
5/20/2020,Rangamati,17
5/20/2020,Rangpur,39
5/20/2020,Satkhira,0
5/20/2020,Shariatpur,1
5/20/2020,Sherpur,1
5/20/2020,Sirajganj,1
5/20/2020,Sunamganj,6
5/20/2020,Sylhet,0
5/20/2020,Tangail,2
5/20/2020,Thakurgaon,3
5/19/2020,Bagerhat,3
5/19/2020,Bandarban,1
5/19/2020,Barguna,0
5/19/2020,Barishal,0
5/19/2020,Bhola,1
5/19/2020,Bogura,11
5/19/2020,Brahmmanbaria,0
5/19/2020,Chandpur,0
5/19/2020,Chapai Nawabganj,0
5/19/2020,Chattogram,149
5/19/2020,Chuadanga,2
5/19/2020,Cox s Bazar,7
5/19/2020,Cumilla,36
5/19/2020,Dhaka,512
5/19/2020,Dinajpur,6
5/19/2020,Faridpur,6
5/19/2020,Feni,7
5/19/2020,Gaibandha,0
5/19/2020,Gazipur,5
5/19/2020,Gopalganj,20
5/19/2020,Habiganj,0
5/19/2020,Jamalpur,12
5/19/2020,Jashore,1
5/19/2020,Jhalakhati,0
5/19/2020,Jhenaidah,1
5/19/2020,Joypurhat,13
5/19/2020,Khagrachhari,2
5/19/2020,Khulna,3
5/19/2020,Kishoreganj,0
5/19/2020,Kurigram,2
5/19/2020,Kushtia,3
5/19/2020,Lakshmipur,5
5/19/2020,Lalmonirhat,2
5/19/2020,Madaripur,3
5/19/2020,Magura,0
5/19/2020,Manikganj,10
5/19/2020,Meherpur,0
5/19/2020,Moulvibazar,0
5/19/2020,Munshiganj,28
5/19/2020,Mymensing,20
5/19/2020,Naogaon,0
5/19/2020,Narail,0
5/19/2020,Narayanganj,23
5/19/2020,Narsingdi,0
5/19/2020,Natore,14
5/19/2020,Netrokona,2
5/19/2020,Nilphamari,1
5/19/2020,Noakhali,27
5/19/2020,Pabna,1
5/19/2020,Panchagarh,5
5/19/2020,Patuakhali,0
5/19/2020,Pirojpur,0
5/19/2020,Rajbari,0
5/19/2020,Rajshahi,2
5/19/2020,Rangamati,0
5/19/2020,Rangpur,8
5/19/2020,Satkhira,15
5/19/2020,Shariatpur,2
5/19/2020,Sherpur,11
5/19/2020,Sirajganj,1
5/19/2020,Sunamganj,0
5/19/2020,Sylhet,0
5/19/2020,Tangail,1
5/19/2020,Thakurgaon,2
5/18/2020,Bagerhat,0
5/18/2020,Bandarban,0
5/18/2020,Barguna,0
5/18/2020,Barishal,0
5/18/2020,Bhola,0
5/18/2020,Bogura,0
5/18/2020,Brahmmanbaria,0
5/18/2020,Chandpur,5
5/18/2020,Chapai Nawabganj,21
5/18/2020,Chattogram,96
5/18/2020,Chuadanga,0
5/18/2020,Cox s Bazar,7
5/18/2020,Cumilla,37
5/18/2020,Dhaka,511
5/18/2020,Dinajpur,5
5/18/2020,Faridpur,7
5/18/2020,Feni,7
5/18/2020,Gaibandha,0
5/18/2020,Gazipur,3
5/18/2020,Gopalganj,12
5/18/2020,Habiganj,0
5/18/2020,Jamalpur,20
5/18/2020,Jashore,0
5/18/2020,Jhalakhati,0
5/18/2020,Jhenaidah,0
5/18/2020,Joypurhat,15
5/18/2020,Khagrachhari,0
5/18/2020,Khulna,3
5/18/2020,Kishoreganj,0
5/18/2020,Kurigram,2
5/18/2020,Kushtia,2
5/18/2020,Lakshmipur,7
5/18/2020,Lalmonirhat,0
5/18/2020,Madaripur,3
5/18/2020,Magura,0
5/18/2020,Manikganj,10
5/18/2020,Meherpur,0
5/18/2020,Moulvibazar,0
5/18/2020,Munshiganj,26
5/18/2020,Mymensing,25
5/18/2020,Naogaon,0
5/18/2020,Narail,0
5/18/2020,Narayanganj,22
5/18/2020,Narsingdi,0
5/18/2020,Natore,16
5/18/2020,Netrokona,2
5/18/2020,Nilphamari,0
5/18/2020,Noakhali,28
5/18/2020,Pabna,0
5/18/2020,Panchagarh,0
5/18/2020,Patuakhali,0
5/18/2020,Pirojpur,0
5/18/2020,Rajbari,0
5/18/2020,Rajshahi,0
5/18/2020,Rangamati,0
5/18/2020,Rangpur,6
5/18/2020,Satkhira,9
5/18/2020,Shariatpur,0
5/18/2020,Sherpur,12
5/18/2020,Sirajganj,0
5/18/2020,Sunamganj,0
5/18/2020,Sylhet,0
5/18/2020,Tangail,0
5/18/2020,Thakurgaon,0
5/17/2020,Bagerhat,2
5/17/2020,Bandarban,1
5/17/2020,Barguna,0
5/17/2020,Barishal,0
5/17/2020,Bhola,1
5/17/2020,Bogura,16
5/17/2020,Brahmmanbaria,7
5/17/2020,Chandpur,2
5/17/2020,Chapai Nawabganj,0
5/17/2020,Chattogram,76
5/17/2020,Chuadanga,8
5/17/2020,Cox s Bazar,24
5/17/2020,Cumilla,20
5/17/2020,Dhaka,665
5/17/2020,Dinajpur,3
5/17/2020,Faridpur,1
5/17/2020,Feni,28
5/17/2020,Gaibandha,0
5/17/2020,Gazipur,18
5/17/2020,Gopalganj,1
5/17/2020,Habiganj,12
5/17/2020,Jamalpur,2
5/17/2020,Jashore,2
5/17/2020,Jhalakhati,2
5/17/2020,Jhenaidah,0
5/17/2020,Joypurhat,0
5/17/2020,Khagrachhari,0
5/17/2020,Khulna,4
5/17/2020,Kishoreganj,1
5/17/2020,Kurigram,12
5/17/2020,Kushtia,2
5/17/2020,Lakshmipur,1
5/17/2020,Lalmonirhat,1
5/17/2020,Madaripur,2
5/17/2020,Magura,0
5/17/2020,Manikganj,9
5/17/2020,Meherpur,0
5/17/2020,Moulvibazar,2
5/17/2020,Munshiganj,32
5/17/2020,Mymensing,10
5/17/2020,Naogaon,0
5/17/2020,Narail,1
5/17/2020,Narayanganj,37
5/17/2020,Narsingdi,1
5/17/2020,Natore,0
5/17/2020,Netrokona,17
5/17/2020,Nilphamari,2
5/17/2020,Noakhali,10
5/17/2020,Pabna,1
5/17/2020,Panchagarh,0
5/17/2020,Patuakhali,0
5/17/2020,Pirojpur,0
5/17/2020,Rajbari,0
5/17/2020,Rajshahi,1
5/17/2020,Rangamati,1
5/17/2020,Rangpur,59
5/17/2020,Satkhira,1
5/17/2020,Shariatpur,4
5/17/2020,Sherpur,1
5/17/2020,Sirajganj,0
5/17/2020,Sunamganj,2
5/17/2020,Sylhet,8
5/17/2020,Tangail,5
5/17/2020,Thakurgaon,0
5/16/2020,Bagerhat,0
5/16/2020,Bandarban,0
5/16/2020,Barguna,0
5/16/2020,Barishal,0
5/16/2020,Bhola,0
5/16/2020,Bogura,0
5/16/2020,Brahmmanbaria,0
5/16/2020,Chandpur,2
5/16/2020,Chapai Nawabganj,0
5/16/2020,Chattogram,66
5/16/2020,Chuadanga,38
5/16/2020,Cox s Bazar,22
5/16/2020,Cumilla,19
5/16/2020,Dhaka,345
5/16/2020,Dinajpur,6
5/16/2020,Faridpur,4
5/16/2020,Feni,22
5/16/2020,Gaibandha,0
5/16/2020,Gazipur,19
5/16/2020,Gopalganj,4
5/16/2020,Habiganj,0
5/16/2020,Jamalpur,5
5/16/2020,Jashore,17
5/16/2020,Jhalakhati,0
5/16/2020,Jhenaidah,1
5/16/2020,Joypurhat,13
5/16/2020,Khagrachhari,0
5/16/2020,Khulna,0
5/16/2020,Kishoreganj,0
5/16/2020,Kurigram,1
5/16/2020,Kushtia,0
5/16/2020,Lakshmipur,0
5/16/2020,Lalmonirhat,5
5/16/2020,Madaripur,0
5/16/2020,Magura,1
5/16/2020,Manikganj,0
5/16/2020,Meherpur,0
5/16/2020,Moulvibazar,0
5/16/2020,Munshiganj,0
5/16/2020,Mymensing,9
5/16/2020,Naogaon,5
5/16/2020,Narail,0
5/16/2020,Narayanganj,35
5/16/2020,Narsingdi,0
5/16/2020,Natore,0
5/16/2020,Netrokona,2
5/16/2020,Nilphamari,7
5/16/2020,Noakhali,14
5/16/2020,Pabna,0
5/16/2020,Panchagarh,4
5/16/2020,Patuakhali,0
5/16/2020,Pirojpur,0
5/16/2020,Rajbari,0
5/16/2020,Rajshahi,1
5/16/2020,Rangamati,1
5/16/2020,Rangpur,40
5/16/2020,Satkhira,0
5/16/2020,Shariatpur,0
5/16/2020,Sherpur,0
5/16/2020,Sirajganj,1
5/16/2020,Sunamganj,1
5/16/2020,Sylhet,1
5/16/2020,Tangail,0
5/16/2020,Thakurgaon,3
5/15/2020,Bagerhat,0
5/15/2020,Bandarban,0
5/15/2020,Barguna,0
5/15/2020,Barishal,1
5/15/2020,Bhola,0
5/15/2020,Bogura,0
5/15/2020,Brahmmanbaria,1
5/15/2020,Chandpur,3
5/15/2020,Chapai Nawabganj,0
5/15/2020,Chattogram,56
5/15/2020,Chuadanga,0
5/15/2020,Cox s Bazar,12
5/15/2020,Cumilla,34
5/15/2020,Dhaka,355
5/15/2020,Dinajpur,1
5/15/2020,Faridpur,4
5/15/2020,Feni,1
5/15/2020,Gaibandha,1
5/15/2020,Gazipur,30
5/15/2020,Gopalganj,13
5/15/2020,Habiganj,0
5/15/2020,Jamalpur,1
5/15/2020,Jashore,0
5/15/2020,Jhalakhati,1
5/15/2020,Jhenaidah,0
5/15/2020,Joypurhat,1
5/15/2020,Khagrachhari,0
5/15/2020,Khulna,0
5/15/2020,Kishoreganj,0
5/15/2020,Kurigram,2
5/15/2020,Kushtia,0
5/15/2020,Lakshmipur,4
5/15/2020,Lalmonirhat,2
5/15/2020,Madaripur,0
5/15/2020,Magura,0
5/15/2020,Manikganj,0
5/15/2020,Meherpur,0
5/15/2020,Moulvibazar,0
5/15/2020,Munshiganj,14
5/15/2020,Mymensing,14
5/15/2020,Naogaon,7
5/15/2020,Narail,0
5/15/2020,Narayanganj,46
5/15/2020,Narsingdi,0
5/15/2020,Natore,0
5/15/2020,Netrokona,7
5/15/2020,Nilphamari,0
5/15/2020,Noakhali,20
5/15/2020,Pabna,0
5/15/2020,Panchagarh,0
5/15/2020,Patuakhali,0
5/15/2020,Pirojpur,0
5/15/2020,Rajbari,3
5/15/2020,Rajshahi,3
5/15/2020,Rangamati,1
5/15/2020,Rangpur,17
5/15/2020,Satkhira,0
5/15/2020,Shariatpur,1
5/15/2020,Sherpur,1
5/15/2020,Sirajganj,0
5/15/2020,Sunamganj,0
5/15/2020,Sylhet,0
5/15/2020,Tangail,0
5/15/2020,Thakurgaon,0
5/14/2020,Bagerhat,1
5/14/2020,Bandarban,0
5/14/2020,Barguna,0
5/14/2020,Barishal,3
5/14/2020,Bhola,1
5/14/2020,Bogura,5
5/14/2020,Brahmmanbaria,1
5/14/2020,Chandpur,9
5/14/2020,Chapai Nawabganj,0
5/14/2020,Chattogram,80
5/14/2020,Chuadanga,6
5/14/2020,Cox s Bazar,10
5/14/2020,Cumilla,19
5/14/2020,Dhaka,284
5/14/2020,Dinajpur,3
5/14/2020,Faridpur,7
5/14/2020,Feni,12
5/14/2020,Gaibandha,0
5/14/2020,Gazipur,107
5/14/2020,Gopalganj,3
5/14/2020,Habiganj,10
5/14/2020,Jamalpur,2
5/14/2020,Jashore,5
5/14/2020,Jhalakhati,0
5/14/2020,Jhenaidah,2
5/14/2020,Joypurhat,0
5/14/2020,Khagrachhari,4
5/14/2020,Khulna,1
5/14/2020,Kishoreganj,1
5/14/2020,Kurigram,1
5/14/2020,Kushtia,2
5/14/2020,Lakshmipur,7
5/14/2020,Lalmonirhat,0
5/14/2020,Madaripur,4
5/14/2020,Magura,2
5/14/2020,Manikganj,0
5/14/2020,Meherpur,0
5/14/2020,Moulvibazar,1
5/14/2020,Munshiganj,33
5/14/2020,Mymensing,8
5/14/2020,Naogaon,0
5/14/2020,Narail,1
5/14/2020,Narayanganj,29
5/14/2020,Narsingdi,1
5/14/2020,Natore,1
5/14/2020,Netrokona,1
5/14/2020,Nilphamari,0
5/14/2020,Noakhali,5
5/14/2020,Pabna,0
5/14/2020,Panchagarh,1
5/14/2020,Patuakhali,0
5/14/2020,Pirojpur,0
5/14/2020,Rajbari,1
5/14/2020,Rajshahi,0
5/14/2020,Rangamati,0
5/14/2020,Rangpur,0
5/14/2020,Satkhira,1
5/14/2020,Shariatpur,6
5/14/2020,Sherpur,1
5/14/2020,Sirajganj,0
5/14/2020,Sunamganj,0
5/14/2020,Sylhet,0
5/14/2020,Tangail,3
5/14/2020,Thakurgaon,0
5/13/2020,Bagerhat,0
5/13/2020,Bandarban,0
5/13/2020,Barguna,0
5/13/2020,Barishal,0
5/13/2020,Bhola,0
5/13/2020,Bogura,5
5/13/2020,Brahmmanbaria,0
5/13/2020,Chandpur,9
5/13/2020,Chapai Nawabganj,0
5/13/2020,Chattogram,103
5/13/2020,Chuadanga,5
5/13/2020,Cox s Bazar,10
5/13/2020,Cumilla,20
5/13/2020,Dhaka,284
5/13/2020,Dinajpur,0
5/13/2020,Faridpur,8
5/13/2020,Feni,0
5/13/2020,Gaibandha,0
5/13/2020,Gazipur,6
5/13/2020,Gopalganj,0
5/13/2020,Habiganj,9
5/13/2020,Jamalpur,0
5/13/2020,Jashore,0
5/13/2020,Jhalakhati,0
5/13/2020,Jhenaidah,0
5/13/2020,Joypurhat,0
5/13/2020,Khagrachhari,0
5/13/2020,Khulna,0
5/13/2020,Kishoreganj,0
5/13/2020,Kurigram,2
5/13/2020,Kushtia,0
5/13/2020,Lakshmipur,8
5/13/2020,Lalmonirhat,0
5/13/2020,Madaripur,0
5/13/2020,Magura,2
5/13/2020,Manikganj,0
5/13/2020,Meherpur,0
5/13/2020,Moulvibazar,0
5/13/2020,Munshiganj,33
5/13/2020,Mymensing,8
5/13/2020,Naogaon,0
5/13/2020,Narail,0
5/13/2020,Narayanganj,30
5/13/2020,Narsingdi,0
5/13/2020,Natore,0
5/13/2020,Netrokona,0
5/13/2020,Nilphamari,0
5/13/2020,Noakhali,5
5/13/2020,Pabna,0
5/13/2020,Panchagarh,0
5/13/2020,Patuakhali,0
5/13/2020,Pirojpur,0
5/13/2020,Rajbari,0
5/13/2020,Rajshahi,0
5/13/2020,Rangamati,20
5/13/2020,Rangpur,13
5/13/2020,Satkhira,0
5/13/2020,Shariatpur,0
5/13/2020,Sherpur,0
5/13/2020,Sirajganj,0
5/13/2020,Sunamganj,0
5/13/2020,Sylhet,0
5/13/2020,Tangail,0
5/13/2020,Thakurgaon,0
5/12/2020,Bagerhat,2
5/12/2020,Bandarban,1
5/12/2020,Barguna,0
5/12/2020,Barishal,1
5/12/2020,Bhola,3
5/12/2020,Bogura,0
5/12/2020,Brahmmanbaria,0
5/12/2020,Chandpur,0
5/12/2020,Chapai Nawabganj,1
5/12/2020,Chattogram,0
5/12/2020,Chuadanga,5
5/12/2020,Cox s Bazar,0
5/12/2020,Cumilla,0
5/12/2020,Dhaka,413
5/12/2020,Dinajpur,1
5/12/2020,Faridpur,1
5/12/2020,Feni,4
5/12/2020,Gaibandha,0
5/12/2020,Gazipur,9
5/12/2020,Gopalganj,4
5/12/2020,Habiganj,7
5/12/2020,Jamalpur,0
5/12/2020,Jashore,5
5/12/2020,Jhalakhati,0
5/12/2020,Jhenaidah,1
5/12/2020,Joypurhat,8
5/12/2020,Khagrachhari,0
5/12/2020,Khulna,0
5/12/2020,Kishoreganj,0
5/12/2020,Kurigram,1
5/12/2020,Kushtia,0
5/12/2020,Lakshmipur,0
5/12/2020,Lalmonirhat,2
5/12/2020,Madaripur,0
5/12/2020,Magura,4
5/12/2020,Manikganj,0
5/12/2020,Meherpur,0
5/12/2020,Moulvibazar,0
5/12/2020,Munshiganj,1
5/12/2020,Mymensing,13
5/12/2020,Naogaon,0
5/12/2020,Narail,0
5/12/2020,Narayanganj,43
5/12/2020,Narsingdi,0
5/12/2020,Natore,0
5/12/2020,Netrokona,11
5/12/2020,Nilphamari,2
5/12/2020,Noakhali,11
5/12/2020,Pabna,0
5/12/2020,Panchagarh,0
5/12/2020,Patuakhali,0
5/12/2020,Pirojpur,0
5/12/2020,Rajbari,0
5/12/2020,Rajshahi,0
5/12/2020,Rangamati,0
5/12/2020,Rangpur,9
5/12/2020,Satkhira,0
5/12/2020,Shariatpur,0
5/12/2020,Sherpur,0
5/12/2020,Sirajganj,0
5/12/2020,Sunamganj,5
5/12/2020,Sylhet,3
5/12/2020,Tangail,1
5/12/2020,Thakurgaon,1
5/11/2020,Bagerhat,0
5/11/2020,Bandarban,0
5/11/2020,Barguna,0
5/11/2020,Barishal,1
5/11/2020,Bhola,0
5/11/2020,Bogura,0
5/11/2020,Brahmmanbaria,1
5/11/2020,Chandpur,1
5/11/2020,Chapai Nawabganj,0
5/11/2020,Chattogram,94
5/11/2020,Chuadanga,2
5/11/2020,Cox s Bazar,24
5/11/2020,Cumilla,15
5/11/2020,Dhaka,641
5/11/2020,Dinajpur,0
5/11/2020,Faridpur,7
5/11/2020,Feni,1
5/11/2020,Gaibandha,0
5/11/2020,Gazipur,5
5/11/2020,Gopalganj,2
5/11/2020,Habiganj,1
5/11/2020,Jamalpur,0
5/11/2020,Jashore,0
5/11/2020,Jhalakhati,0
5/11/2020,Jhenaidah,2
5/11/2020,Joypurhat,5
5/11/2020,Khagrachhari,0
5/11/2020,Khulna,2
5/11/2020,Kishoreganj,3
5/11/2020,Kurigram,0
5/11/2020,Kushtia,2
5/11/2020,Lakshmipur,16
5/11/2020,Lalmonirhat,0
5/11/2020,Madaripur,3
5/11/2020,Magura,2
5/11/2020,Manikganj,1
5/11/2020,Meherpur,0
5/11/2020,Moulvibazar,3
5/11/2020,Munshiganj,0
5/11/2020,Mymensing,12
5/11/2020,Naogaon,8
5/11/2020,Narail,1
5/11/2020,Narayanganj,45
5/11/2020,Narsingdi,1
5/11/2020,Natore,0
5/11/2020,Netrokona,2
5/11/2020,Nilphamari,0
5/11/2020,Noakhali,18
5/11/2020,Pabna,0
5/11/2020,Panchagarh,0
5/11/2020,Patuakhali,1
5/11/2020,Pirojpur,0
5/11/2020,Rajbari,0
5/11/2020,Rajshahi,1
5/11/2020,Rangamati,0
5/11/2020,Rangpur,6
5/11/2020,Satkhira,0
5/11/2020,Shariatpur,8
5/11/2020,Sherpur,3
5/11/2020,Sirajganj,0
5/11/2020,Sunamganj,0
5/11/2020,Sylhet,0
5/11/2020,Tangail,0
5/11/2020,Thakurgaon,0
5/10/2020,Bagerhat,0
5/10/2020,Bandarban,0
5/10/2020,Barguna,2
5/10/2020,Barishal,6
5/10/2020,Bhola,0
5/10/2020,Bogura,0
5/10/2020,Brahmmanbaria,0
5/10/2020,Chandpur,0
5/10/2020,Chapai Nawabganj,0
5/10/2020,Chattogram,13
5/10/2020,Chuadanga,0
5/10/2020,Cox s Bazar,6
5/10/2020,Cumilla,2
5/10/2020,Dhaka,239
5/10/2020,Dinajpur,4
5/10/2020,Faridpur,3
5/10/2020,Feni,0
5/10/2020,Gaibandha,1
5/10/2020,Gazipur,1
5/10/2020,Gopalganj,6
5/10/2020,Habiganj,3
5/10/2020,Jamalpur,6
5/10/2020,Jashore,0
5/10/2020,Jhalakhati,0
5/10/2020,Jhenaidah,0
5/10/2020,Joypurhat,3
5/10/2020,Khagrachhari,0
5/10/2020,Khulna,0
5/10/2020,Kishoreganj,0
5/10/2020,Kurigram,1
5/10/2020,Kushtia,1
5/10/2020,Lakshmipur,0
5/10/2020,Lalmonirhat,0
5/10/2020,Madaripur,0
5/10/2020,Magura,0
5/10/2020,Manikganj,0
5/10/2020,Meherpur,0
5/10/2020,Moulvibazar,3
5/10/2020,Munshiganj,4
5/10/2020,Mymensing,9
5/10/2020,Naogaon,1
5/10/2020,Narail,0
5/10/2020,Narayanganj,21
5/10/2020,Narsingdi,0
5/10/2020,Natore,1
5/10/2020,Netrokona,0
5/10/2020,Nilphamari,0
5/10/2020,Noakhali,3
5/10/2020,Pabna,2
5/10/2020,Panchagarh,0
5/10/2020,Patuakhali,0
5/10/2020,Pirojpur,1
5/10/2020,Rajbari,0
5/10/2020,Rajshahi,0
5/10/2020,Rangamati,0
5/10/2020,Rangpur,8
5/10/2020,Satkhira,0
5/10/2020,Shariatpur,0
5/10/2020,Sherpur,6
5/10/2020,Sirajganj,0
5/10/2020,Sunamganj,1
5/10/2020,Sylhet,8
5/10/2020,Tangail,0
5/10/2020,Thakurgaon,0
5/9/2020,Bagerhat,1
5/9/2020,Bandarban,0
5/9/2020,Barguna,1
5/9/2020,Barishal,0
5/9/2020,Bhola,0
5/9/2020,Bogura,0
5/9/2020,Brahmmanbaria,0
5/9/2020,Chandpur,12
5/9/2020,Chapai Nawabganj,2
5/9/2020,Chattogram,48
5/9/2020,Chuadanga,0
5/9/2020,Cox s Bazar,5
5/9/2020,Cumilla,19
5/9/2020,Dhaka,264
5/9/2020,Dinajpur,2
5/9/2020,Faridpur,0
5/9/2020,Feni,0
5/9/2020,Gaibandha,0
5/9/2020,Gazipur,2
5/9/2020,Gopalganj,1
5/9/2020,Habiganj,0
5/9/2020,Jamalpur,2
5/9/2020,Jashore,0
5/9/2020,Jhalakhati,0
5/9/2020,Jhenaidah,4
5/9/2020,Joypurhat,0
5/9/2020,Khagrachhari,1
5/9/2020,Khulna,0
5/9/2020,Kishoreganj,0
5/9/2020,Kurigram,1
5/9/2020,Kushtia,0
5/9/2020,Lakshmipur,8
5/9/2020,Lalmonirhat,0
5/9/2020,Madaripur,0
5/9/2020,Magura,1
5/9/2020,Manikganj,0
5/9/2020,Meherpur,0
5/9/2020,Moulvibazar,0
5/9/2020,Munshiganj,2
5/9/2020,Mymensing,8
5/9/2020,Naogaon,0
5/9/2020,Narail,0
5/9/2020,Narayanganj,41
5/9/2020,Narsingdi,0
5/9/2020,Natore,0
5/9/2020,Netrokona,4
5/9/2020,Nilphamari,6
5/9/2020,Noakhali,0
5/9/2020,Pabna,0
5/9/2020,Panchagarh,0
5/9/2020,Patuakhali,0
5/9/2020,Pirojpur,6
5/9/2020,Rajbari,0
5/9/2020,Rajshahi,0
5/9/2020,Rangamati,0
5/9/2020,Rangpur,31
5/9/2020,Satkhira,0
5/9/2020,Shariatpur,0
5/9/2020,Sherpur,0
5/9/2020,Sirajganj,0
5/9/2020,Sunamganj,2
5/9/2020,Sylhet,0
5/9/2020,Tangail,0
5/9/2020,Thakurgaon,0
5/8/2020,Bagerhat,0
5/8/2020,Bandarban,0
5/8/2020,Barguna,0
5/8/2020,Barishal,1
5/8/2020,Bhola,0
5/8/2020,Bogura,0
5/8/2020,Brahmmanbaria,1
5/8/2020,Chandpur,1
5/8/2020,Chapai Nawabganj,1
5/8/2020,Chattogram,19
5/8/2020,Chuadanga,8
5/8/2020,Cox s Bazar,19
5/8/2020,Cumilla,15
5/8/2020,Dhaka,281
5/8/2020,Dinajpur,5
5/8/2020,Faridpur,0
5/8/2020,Feni,1
5/8/2020,Gaibandha,0
5/8/2020,Gazipur,2
5/8/2020,Gopalganj,4
5/8/2020,Habiganj,0
5/8/2020,Jamalpur,23
5/8/2020,Jashore,4
5/8/2020,Jhalakhati,0
5/8/2020,Jhenaidah,1
5/8/2020,Joypurhat,2
5/8/2020,Khagrachhari,0
5/8/2020,Khulna,0
5/8/2020,Kishoreganj,0
5/8/2020,Kurigram,11
5/8/2020,Kushtia,0
5/8/2020,Lakshmipur,2
5/8/2020,Lalmonirhat,9
5/8/2020,Madaripur,1
5/8/2020,Magura,3
5/8/2020,Manikganj,0
5/8/2020,Meherpur,1
5/8/2020,Moulvibazar,1
5/8/2020,Munshiganj,32
5/8/2020,Mymensing,3
5/8/2020,Naogaon,7
5/8/2020,Narail,0
5/8/2020,Narayanganj,58
5/8/2020,Narsingdi,4
5/8/2020,Natore,1
5/8/2020,Netrokona,1
5/8/2020,Nilphamari,4
5/8/2020,Noakhali,4
5/8/2020,Pabna,0
5/8/2020,Panchagarh,1
5/8/2020,Patuakhali,0
5/8/2020,Pirojpur,0
5/8/2020,Rajbari,0
5/8/2020,Rajshahi,0
5/8/2020,Rangamati,0
5/8/2020,Rangpur,0
5/8/2020,Satkhira,0
5/8/2020,Shariatpur,2
5/8/2020,Sherpur,2
5/8/2020,Sirajganj,2
5/8/2020,Sunamganj,0
5/8/2020,Sylhet,0
5/8/2020,Tangail,1
5/8/2020,Thakurgaon,3
5/7/2020,Bagerhat,0
5/7/2020,Bandarban,0
5/7/2020,Barguna,1
5/7/2020,Barishal,3
5/7/2020,Bhola,1
5/7/2020,Bogura,0
5/7/2020,Brahmmanbaria,0
5/7/2020,Chandpur,5
5/7/2020,Chapai Nawabganj,9
5/7/2020,Chattogram,28
5/7/2020,Chuadanga,0
5/7/2020,Cox s Bazar,13
5/7/2020,Cumilla,5
5/7/2020,Dhaka,242
5/7/2020,Dinajpur,2
5/7/2020,Faridpur,0
5/7/2020,Feni,0
5/7/2020,Gaibandha,0
5/7/2020,Gazipur,0
5/7/2020,Gopalganj,0
5/7/2020,Habiganj,0
5/7/2020,Jamalpur,0
5/7/2020,Jashore,0
5/7/2020,Jhalakhati,3
5/7/2020,Jhenaidah,0
5/7/2020,Joypurhat,3
5/7/2020,Khagrachhari,0
5/7/2020,Khulna,3
5/7/2020,Kishoreganj,0
5/7/2020,Kurigram,0
5/7/2020,Kushtia,2
5/7/2020,Lakshmipur,3
5/7/2020,Lalmonirhat,0
5/7/2020,Madaripur,0
5/7/2020,Magura,0
5/7/2020,Manikganj,0
5/7/2020,Meherpur,0
5/7/2020,Moulvibazar,0
5/7/2020,Munshiganj,8
5/7/2020,Mymensing,3
5/7/2020,Naogaon,0
5/7/2020,Narail,0
5/7/2020,Narayanganj,6
5/7/2020,Narsingdi,0
5/7/2020,Natore,0
5/7/2020,Netrokona,1
5/7/2020,Nilphamari,0
5/7/2020,Noakhali,1
5/7/2020,Pabna,0
5/7/2020,Panchagarh,1
5/7/2020,Patuakhali,0
5/7/2020,Pirojpur,0
5/7/2020,Rajbari,0
5/7/2020,Rajshahi,0
5/7/2020,Rangamati,4
5/7/2020,Rangpur,7
5/7/2020,Satkhira,0
5/7/2020,Shariatpur,1
5/7/2020,Sherpur,1
5/7/2020,Sirajganj,0
5/7/2020,Sunamganj,0
5/7/2020,Sylhet,0
5/7/2020,Tangail,0
5/7/2020,Thakurgaon,0
5/6/2020,Bagerhat,0
5/6/2020,Bandarban,0
5/6/2020,Barguna,0
5/6/2020,Barishal,3
5/6/2020,Bhola,1
5/6/2020,Bogura,0
5/6/2020,Brahmmanbaria,0
5/6/2020,Chandpur,10
5/6/2020,Chapai Nawabganj,0
5/6/2020,Chattogram,7
5/6/2020,Chuadanga,5
5/6/2020,Cox s Bazar,1
5/6/2020,Cumilla,18
5/6/2020,Dhaka,485
5/6/2020,Dinajpur,8
5/6/2020,Faridpur,6
5/6/2020,Feni,1
5/6/2020,Gaibandha,0
5/6/2020,Gazipur,3
5/6/2020,Gopalganj,1
5/6/2020,Habiganj,1
5/6/2020,Jamalpur,5
5/6/2020,Jashore,1
5/6/2020,Jhalakhati,0
5/6/2020,Jhenaidah,6
5/6/2020,Joypurhat,0
5/6/2020,Khagrachhari,0
5/6/2020,Khulna,0
5/6/2020,Kishoreganj,0
5/6/2020,Kurigram,0
5/6/2020,Kushtia,2
5/6/2020,Lakshmipur,0
5/6/2020,Lalmonirhat,0
5/6/2020,Madaripur,5
5/6/2020,Magura,0
5/6/2020,Manikganj,4
5/6/2020,Meherpur,1
5/6/2020,Moulvibazar,8
5/6/2020,Munshiganj,9
5/6/2020,Mymensing,29
5/6/2020,Naogaon,0
5/6/2020,Narail,0
5/6/2020,Narayanganj,17
5/6/2020,Narsingdi,1
5/6/2020,Natore,1
5/6/2020,Netrokona,10
5/6/2020,Nilphamari,6
5/6/2020,Noakhali,1
5/6/2020,Pabna,1
5/6/2020,Panchagarh,0
5/6/2020,Patuakhali,0
5/6/2020,Pirojpur,0
5/6/2020,Rajbari,1
5/6/2020,Rajshahi,1
5/6/2020,Rangamati,0
5/6/2020,Rangpur,7
5/6/2020,Satkhira,1
5/6/2020,Shariatpur,10
5/6/2020,Sherpur,1
5/6/2020,Sirajganj,0
5/6/2020,Sunamganj,0
5/6/2020,Sylhet,4
5/6/2020,Tangail,0
5/6/2020,Thakurgaon,1
5/5/2020,Bagerhat,0
5/5/2020,Bandarban,0
5/5/2020,Barguna,0
5/5/2020,Barishal,0
5/5/2020,Bhola,0
5/5/2020,Bogura,0
5/5/2020,Brahmmanbaria,1
5/5/2020,Chandpur,12
5/5/2020,Chapai Nawabganj,0
5/5/2020,Chattogram,23
5/5/2020,Chuadanga,1
5/5/2020,Cox s Bazar,2
5/5/2020,Cumilla,7
5/5/2020,Dhaka,462
5/5/2020,Dinajpur,0
5/5/2020,Faridpur,1
5/5/2020,Feni,0
5/5/2020,Gaibandha,1
5/5/2020,Gazipur,0
5/5/2020,Gopalganj,0
5/5/2020,Habiganj,0
5/5/2020,Jamalpur,1
5/5/2020,Jashore,11
5/5/2020,Jhalakhati,0
5/5/2020,Jhenaidah,8
5/5/2020,Joypurhat,1
5/5/2020,Khagrachhari,0
5/5/2020,Khulna,1
5/5/2020,Kishoreganj,0
5/5/2020,Kurigram,0
5/5/2020,Kushtia,0
5/5/2020,Lakshmipur,2
5/5/2020,Lalmonirhat,1
5/5/2020,Madaripur,1
5/5/2020,Magura,0
5/5/2020,Manikganj,2
5/5/2020,Meherpur,1
5/5/2020,Moulvibazar,2
5/5/2020,Munshiganj,34
5/5/2020,Mymensing,3
5/5/2020,Naogaon,1
5/5/2020,Narail,0
5/5/2020,Narayanganj,34
5/5/2020,Narsingdi,12
5/5/2020,Natore,1
5/5/2020,Netrokona,1
5/5/2020,Nilphamari,2
5/5/2020,Noakhali,4
5/5/2020,Pabna,4
5/5/2020,Panchagarh,0
5/5/2020,Patuakhali,0
5/5/2020,Pirojpur,0
5/5/2020,Rajbari,3
5/5/2020,Rajshahi,4
5/5/2020,Rangamati,0
5/5/2020,Rangpur,13
5/5/2020,Satkhira,1
5/5/2020,Shariatpur,4
5/5/2020,Sherpur,0
5/5/2020,Sirajganj,0
5/5/2020,Sunamganj,2
5/5/2020,Sylhet,6
5/5/2020,Tangail,0
5/5/2020,Thakurgaon,0
5/4/2020,Bagerhat,0
5/4/2020,Bandarban,0
5/4/2020,Barguna,0
5/4/2020,Barishal,0
5/4/2020,Bhola,0
5/4/2020,Bogura,0
5/4/2020,Brahmmanbaria,11
5/4/2020,Chandpur,0
5/4/2020,Chapai Nawabganj,0
5/4/2020,Chattogram,2
5/4/2020,Chuadanga,0
5/4/2020,Cox s Bazar,0
5/4/2020,Cumilla,0
5/4/2020,Dhaka,286
5/4/2020,Dinajpur,0
5/4/2020,Faridpur,1
5/4/2020,Feni,0
5/4/2020,Gaibandha,0
5/4/2020,Gazipur,1
5/4/2020,Gopalganj,1
5/4/2020,Habiganj,2
5/4/2020,Jamalpur,0
5/4/2020,Jashore,0
5/4/2020,Jhalakhati,0
5/4/2020,Jhenaidah,0
5/4/2020,Joypurhat,0
5/4/2020,Khagrachhari,0
5/4/2020,Khulna,0
5/4/2020,Kishoreganj,1
5/4/2020,Kurigram,3
5/4/2020,Kushtia,0
5/4/2020,Lakshmipur,1
5/4/2020,Lalmonirhat,0
5/4/2020,Madaripur,1
5/4/2020,Magura,0
5/4/2020,Manikganj,0
5/4/2020,Meherpur,0
5/4/2020,Moulvibazar,2
5/4/2020,Munshiganj,1
5/4/2020,Mymensing,16
5/4/2020,Naogaon,0
5/4/2020,Narail,0
5/4/2020,Narayanganj,14
5/4/2020,Narsingdi,2
5/4/2020,Natore,0
5/4/2020,Netrokona,10
5/4/2020,Nilphamari,7
5/4/2020,Noakhali,2
5/4/2020,Pabna,1
5/4/2020,Panchagarh,0
5/4/2020,Patuakhali,0
5/4/2020,Pirojpur,0
5/4/2020,Rajbari,0
5/4/2020,Rajshahi,0
5/4/2020,Rangamati,0
5/4/2020,Rangpur,12
5/4/2020,Satkhira,0
5/4/2020,Shariatpur,1
5/4/2020,Sherpur,0
5/4/2020,Sirajganj,1
5/4/2020,Sunamganj,0
5/4/2020,Sylhet,0
5/4/2020,Tangail,1
5/4/2020,Thakurgaon,2
5/3/2020,Bagerhat,0
5/3/2020,Bandarban,0
5/3/2020,Barguna,3
5/3/2020,Barishal,1
5/3/2020,Bhola,0
5/3/2020,Bogura,0
5/3/2020,Brahmmanbaria,1
5/3/2020,Chandpur,0
5/3/2020,Chapai Nawabganj,0
5/3/2020,Chattogram,2
5/3/2020,Chuadanga,0
5/3/2020,Cox s Bazar,0
5/3/2020,Cumilla,1
5/3/2020,Dhaka,191
5/3/2020,Dinajpur,0
5/3/2020,Faridpur,0
5/3/2020,Feni,0
5/3/2020,Gaibandha,1
5/3/2020,Gazipur,2
5/3/2020,Gopalganj,1
5/3/2020,Habiganj,0
5/3/2020,Jamalpur,7
5/3/2020,Jashore,0
5/3/2020,Jhalakhati,2
5/3/2020,Jhenaidah,0
5/3/2020,Joypurhat,0
5/3/2020,Khagrachhari,0
5/3/2020,Khulna,3
5/3/2020,Kishoreganj,0
5/3/2020,Kurigram,4
5/3/2020,Kushtia,0
5/3/2020,Lakshmipur,1
5/3/2020,Lalmonirhat,0
5/3/2020,Madaripur,0
5/3/2020,Magura,0
5/3/2020,Manikganj,0
5/3/2020,Meherpur,0
5/3/2020,Moulvibazar,0
5/3/2020,Munshiganj,4
5/3/2020,Mymensing,5
5/3/2020,Naogaon,0
5/3/2020,Narail,0
5/3/2020,Narayanganj,20
5/3/2020,Narsingdi,0
5/3/2020,Natore,0
5/3/2020,Netrokona,9
5/3/2020,Nilphamari,0
5/3/2020,Noakhali,6
5/3/2020,Pabna,0
5/3/2020,Panchagarh,0
5/3/2020,Patuakhali,0
5/3/2020,Pirojpur,1
5/3/2020,Rajbari,0
5/3/2020,Rajshahi,1
5/3/2020,Rangamati,0
5/3/2020,Rangpur,5
5/3/2020,Satkhira,0
5/3/2020,Shariatpur,0
5/3/2020,Sherpur,0
5/3/2020,Sirajganj,0
5/3/2020,Sunamganj,0
5/3/2020,Sylhet,0
5/3/2020,Tangail,0
5/3/2020,Thakurgaon,0
5/2/2020,Bagerhat,0
5/2/2020,Bandarban,0
5/2/2020,Barguna,0
5/2/2020,Barishal,0
5/2/2020,Bhola,0
5/2/2020,Bogura,0
5/2/2020,Brahmmanbaria,0
5/2/2020,Chandpur,0
5/2/2020,Chapai Nawabganj,0
5/2/2020,Chattogram,3
5/2/2020,Chuadanga,0
5/2/2020,Cox s Bazar,0
5/2/2020,Cumilla,5
5/2/2020,Dhaka,336
5/2/2020,Dinajpur,0
5/2/2020,Faridpur,0
5/2/2020,Feni,0
5/2/2020,Gaibandha,3
5/2/2020,Gazipur,0
5/2/2020,Gopalganj,2
5/2/2020,Habiganj,12
5/2/2020,Jamalpur,0
5/2/2020,Jashore,0
5/2/2020,Jhalakhati,0
5/2/2020,Jhenaidah,0
5/2/2020,Joypurhat,0
5/2/2020,Khagrachhari,0
5/2/2020,Khulna,0
5/2/2020,Kishoreganj,0
5/2/2020,Kurigram,7
5/2/2020,Kushtia,0
5/2/2020,Lakshmipur,0
5/2/2020,Lalmonirhat,0
5/2/2020,Madaripur,7
5/2/2020,Magura,0
5/2/2020,Manikganj,0
5/2/2020,Meherpur,0
5/2/2020,Moulvibazar,5
5/2/2020,Munshiganj,10
5/2/2020,Mymensing,0
5/2/2020,Naogaon,1
5/2/2020,Narail,0
5/2/2020,Narayanganj,21
5/2/2020,Narsingdi,1
5/2/2020,Natore,0
5/2/2020,Netrokona,0
5/2/2020,Nilphamari,1
5/2/2020,Noakhali,0
5/2/2020,Pabna,0
5/2/2020,Panchagarh,0
5/2/2020,Patuakhali,0
5/2/2020,Pirojpur,0
5/2/2020,Rajbari,0
5/2/2020,Rajshahi,0
5/2/2020,Rangamati,0
5/2/2020,Rangpur,7
5/2/2020,Satkhira,0
5/2/2020,Shariatpur,9
5/2/2020,Sherpur,0
5/2/2020,Sirajganj,0
5/2/2020,Sunamganj,4
5/2/2020,Sylhet,0
5/2/2020,Tangail,0
5/2/2020,Thakurgaon,0
5/1/2020,Bagerhat,0
5/1/2020,Bandarban,3
5/1/2020,Barguna,3
5/1/2020,Barishal,0
5/1/2020,Bhola,0
5/1/2020,Bogura,0
5/1/2020,Brahmmanbaria,3
5/1/2020,Chandpur,1
5/1/2020,Chapai Nawabganj,0
5/1/2020,Chattogram,1
5/1/2020,Chuadanga,0
5/1/2020,Cox s Bazar,14
5/1/2020,Cumilla,6
5/1/2020,Dhaka,232
5/1/2020,Dinajpur,1
5/1/2020,Faridpur,1
5/1/2020,Feni,0
5/1/2020,Gaibandha,0
5/1/2020,Gazipur,0
5/1/2020,Gopalganj,2
5/1/2020,Habiganj,2
5/1/2020,Jamalpur,5
5/1/2020,Jashore,0
5/1/2020,Jhalakhati,0
5/1/2020,Jhenaidah,0
5/1/2020,Joypurhat,1
5/1/2020,Khagrachhari,1
5/1/2020,Khulna,2
5/1/2020,Kishoreganj,1
5/1/2020,Kurigram,1
5/1/2020,Kushtia,1
5/1/2020,Lakshmipur,6
5/1/2020,Lalmonirhat,0
5/1/2020,Madaripur,0
5/1/2020,Magura,1
5/1/2020,Manikganj,1
5/1/2020,Meherpur,0
5/1/2020,Moulvibazar,0
5/1/2020,Munshiganj,2
5/1/2020,Mymensing,2
5/1/2020,Naogaon,0
5/1/2020,Narail,0
5/1/2020,Narayanganj,43
5/1/2020,Narsingdi,6
5/1/2020,Natore,0
5/1/2020,Netrokona,3
5/1/2020,Nilphamari,2
5/1/2020,Noakhali,3
5/1/2020,Pabna,0
5/1/2020,Panchagarh,0
5/1/2020,Patuakhali,1
5/1/2020,Pirojpur,0
5/1/2020,Rajbari,2
5/1/2020,Rajshahi,1
5/1/2020,Rangamati,0
5/1/2020,Rangpur,7
5/1/2020,Satkhira,1
5/1/2020,Shariatpur,0
5/1/2020,Sherpur,1
5/1/2020,Sirajganj,0
5/1/2020,Sunamganj,1
5/1/2020,Sylhet,0
5/1/2020,Tangail,0
5/1/2020,Thakurgaon,1
4/30/2020,Bagerhat,1
4/30/2020,Bandarban,0
4/30/2020,Barguna,0
4/30/2020,Barishal,0
4/30/2020,Bhola,0
4/30/2020,Bogura,1
4/30/2020,Brahmmanbaria,3
4/30/2020,Chandpur,1
4/30/2020,Chapai Nawabganj,0
4/30/2020,Chattogram,4
4/30/2020,Chuadanga,1
4/30/2020,Cox s Bazar,3
4/30/2020,Cumilla,12
4/30/2020,Dhaka,332
4/30/2020,Dinajpur,2
4/30/2020,Faridpur,0
4/30/2020,Feni,2
4/30/2020,Gaibandha,1
4/30/2020,Gazipur,2
4/30/2020,Gopalganj,1
4/30/2020,Habiganj,1
4/30/2020,Jamalpur,3
4/30/2020,Jashore,1
4/30/2020,Jhalakhati,2
4/30/2020,Jhenaidah,0
4/30/2020,Joypurhat,4
4/30/2020,Khagrachhari,1
4/30/2020,Khulna,0
4/30/2020,Kishoreganj,3
4/30/2020,Kurigram,0
4/30/2020,Kushtia,2
4/30/2020,Lakshmipur,0
4/30/2020,Lalmonirhat,0
4/30/2020,Madaripur,1
4/30/2020,Magura,1
4/30/2020,Manikganj,0
4/30/2020,Meherpur,0
4/30/2020,Moulvibazar,0
4/30/2020,Munshiganj,1
4/30/2020,Mymensing,18
4/30/2020,Naogaon,0
4/30/2020,Narail,0
4/30/2020,Narayanganj,60
4/30/2020,Narsingdi,3
4/30/2020,Natore,9
4/30/2020,Netrokona,0
4/30/2020,Nilphamari,0
4/30/2020,Noakhali,0
4/30/2020,Pabna,2
4/30/2020,Panchagarh,0
4/30/2020,Patuakhali,4
4/30/2020,Pirojpur,1
4/30/2020,Rajbari,3
4/30/2020,Rajshahi,0
4/30/2020,Rangamati,0
4/30/2020,Rangpur,3
4/30/2020,Satkhira,0
4/30/2020,Shariatpur,0
4/30/2020,Sherpur,0
4/30/2020,Sirajganj,0
4/30/2020,Sunamganj,0
4/30/2020,Sylhet,2
4/30/2020,Tangail,1
4/30/2020,Thakurgaon,0
4/29/2020,Bagerhat,0
4/29/2020,Bandarban,0
4/29/2020,Barguna,0
4/29/2020,Barishal,0
4/29/2020,Bhola,1
4/29/2020,Bogura,1
4/29/2020,Brahmmanbaria,2
4/29/2020,Chandpur,2
4/29/2020,Chapai Nawabganj,0
4/29/2020,Chattogram,3
4/29/2020,Chuadanga,0
4/29/2020,Cox s Bazar,1
4/29/2020,Cumilla,34
4/29/2020,Dhaka,423
4/29/2020,Dinajpur,2
4/29/2020,Faridpur,3
4/29/2020,Feni,0
4/29/2020,Gaibandha,1
4/29/2020,Gazipur,2
4/29/2020,Gopalganj,2
4/29/2020,Habiganj,4
4/29/2020,Jamalpur,6
4/29/2020,Jashore,26
4/29/2020,Jhalakhati,0
4/29/2020,Jhenaidah,0
4/29/2020,Joypurhat,7
4/29/2020,Khagrachhari,0
4/29/2020,Khulna,3
4/29/2020,Kishoreganj,3
4/29/2020,Kurigram,1
4/29/2020,Kushtia,3
4/29/2020,Lakshmipur,1
4/29/2020,Lalmonirhat,1
4/29/2020,Madaripur,0
4/29/2020,Magura,2
4/29/2020,Manikganj,6
4/29/2020,Meherpur,0
4/29/2020,Moulvibazar,0
4/29/2020,Munshiganj,27
4/29/2020,Mymensing,8
4/29/2020,Naogaon,13
4/29/2020,Narail,0
4/29/2020,Narayanganj,14
4/29/2020,Narsingdi,0
4/29/2020,Natore,0
4/29/2020,Netrokona,2
4/29/2020,Nilphamari,2
4/29/2020,Noakhali,0
4/29/2020,Pabna,0
4/29/2020,Panchagarh,1
4/29/2020,Patuakhali,0
4/29/2020,Pirojpur,0
4/29/2020,Rajbari,0
4/29/2020,Rajshahi,9
4/29/2020,Rangamati,0
4/29/2020,Rangpur,0
4/29/2020,Satkhira,1
4/29/2020,Shariatpur,16
4/29/2020,Sherpur,2
4/29/2020,Sirajganj,0
4/29/2020,Sunamganj,2
4/29/2020,Sylhet,0
4/29/2020,Tangail,1
4/29/2020,Thakurgaon,1
4/28/2020,Bagerhat,0
4/28/2020,Bandarban,0
4/28/2020,Barguna,0
4/28/2020,Barishal,2
4/28/2020,Bhola,2
4/28/2020,Bogura,0
4/28/2020,Brahmmanbaria,0
4/28/2020,Chandpur,0
4/28/2020,Chapai Nawabganj,0
4/28/2020,Chattogram,11
4/28/2020,Chuadanga,0
4/28/2020,Cox s Bazar,6
4/28/2020,Cumilla,5
4/28/2020,Dhaka,293
4/28/2020,Dinajpur,2
4/28/2020,Faridpur,0
4/28/2020,Feni,0
4/28/2020,Gaibandha,2
4/28/2020,Gazipur,3
4/28/2020,Gopalganj,0
4/28/2020,Habiganj,0
4/28/2020,Jamalpur,7
4/28/2020,Jashore,10
4/28/2020,Jhalakhati,1
4/28/2020,Jhenaidah,8
4/28/2020,Joypurhat,11
4/28/2020,Khagrachhari,0
4/28/2020,Khulna,0
4/28/2020,Kishoreganj,3
4/28/2020,Kurigram,0
4/28/2020,Kushtia,0
4/28/2020,Lakshmipur,3
4/28/2020,Lalmonirhat,0
4/28/2020,Madaripur,2
4/28/2020,Magura,0
4/28/2020,Manikganj,0
4/28/2020,Meherpur,0
4/28/2020,Moulvibazar,0
4/28/2020,Munshiganj,4
4/28/2020,Mymensing,9
4/28/2020,Naogaon,0
4/28/2020,Narail,0
4/28/2020,Narayanganj,150
4/28/2020,Narsingdi,0
4/28/2020,Natore,0
4/28/2020,Netrokona,2
4/28/2020,Nilphamari,1
4/28/2020,Noakhali,1
4/28/2020,Pabna,2
4/28/2020,Panchagarh,3
4/28/2020,Patuakhali,3
4/28/2020,Pirojpur,1
4/28/2020,Rajbari,0
4/28/2020,Rajshahi,0
4/28/2020,Rangamati,0
4/28/2020,Rangpur,7
4/28/2020,Satkhira,0
4/28/2020,Shariatpur,2
4/28/2020,Sherpur,0
4/28/2020,Sirajganj,1
4/28/2020,Sunamganj,11
4/28/2020,Sylhet,2
4/28/2020,Tangail,3
4/28/2020,Thakurgaon,7
4/27/2020,Bagerhat,0
4/27/2020,Bandarban,0
4/27/2020,Barguna,0
4/27/2020,Barishal,0
4/27/2020,Bhola,0
4/27/2020,Bogura,5
4/27/2020,Brahmmanbaria,4
4/27/2020,Chandpur,0
4/27/2020,Chapai Nawabganj,0
4/27/2020,Chattogram,8
4/27/2020,Chuadanga,0
4/27/2020,Cox s Bazar,0
4/27/2020,Cumilla,1
4/27/2020,Dhaka,238
4/27/2020,Dinajpur,0
4/27/2020,Faridpur,0
4/27/2020,Feni,0
4/27/2020,Gaibandha,1
4/27/2020,Gazipur,7
4/27/2020,Gopalganj,1
4/27/2020,Habiganj,1
4/27/2020,Jamalpur,0
4/27/2020,Jashore,4
4/27/2020,Jhalakhati,0
4/27/2020,Jhenaidah,4
4/27/2020,Joypurhat,4
4/27/2020,Khagrachhari,0
4/27/2020,Khulna,1
4/27/2020,Kishoreganj,8
4/27/2020,Kurigram,3
4/27/2020,Kushtia,6
4/27/2020,Lakshmipur,3
4/27/2020,Lalmonirhat,0
4/27/2020,Madaripur,6
4/27/2020,Magura,0
4/27/2020,Manikganj,3
4/27/2020,Meherpur,0
4/27/2020,Moulvibazar,6
4/27/2020,Munshiganj,6
4/27/2020,Mymensing,16
4/27/2020,Naogaon,0
4/27/2020,Narail,3
4/27/2020,Narayanganj,74
4/27/2020,Narsingdi,0
4/27/2020,Natore,0
4/27/2020,Netrokona,0
4/27/2020,Nilphamari,0
4/27/2020,Noakhali,0
4/27/2020,Pabna,2
4/27/2020,Panchagarh,0
4/27/2020,Patuakhali,0
4/27/2020,Pirojpur,0
4/27/2020,Rajbari,0
4/27/2020,Rajshahi,0
4/27/2020,Rangamati,0
4/27/2020,Rangpur,1
4/27/2020,Satkhira,0
4/27/2020,Shariatpur,0
4/27/2020,Sherpur,4
4/27/2020,Sirajganj,0
4/27/2020,Sunamganj,1
4/27/2020,Sylhet,2
4/27/2020,Tangail,1
4/27/2020,Thakurgaon,0
4/26/2020,Bagerhat,0
4/26/2020,Bandarban,0
4/26/2020,Barguna,7
4/26/2020,Barishal,0
4/26/2020,Bhola,0
4/26/2020,Bogura,1
4/26/2020,Brahmmanbaria,2
4/26/2020,Chandpur,1
4/26/2020,Chapai Nawabganj,1
4/26/2020,Chattogram,2
4/26/2020,Chuadanga,0
4/26/2020,Cox s Bazar,7
4/26/2020,Cumilla,2
4/26/2020,Dhaka,265
4/26/2020,Dinajpur,1
4/26/2020,Faridpur,0
4/26/2020,Feni,1
4/26/2020,Gaibandha,0
4/26/2020,Gazipur,6
4/26/2020,Gopalganj,3
4/26/2020,Habiganj,6
4/26/2020,Jamalpur,8
4/26/2020,Jashore,15
4/26/2020,Jhalakhati,0
4/26/2020,Jhenaidah,7
4/26/2020,Joypurhat,2
4/26/2020,Khagrachhari,0
4/26/2020,Khulna,0
4/26/2020,Kishoreganj,2
4/26/2020,Kurigram,0
4/26/2020,Kushtia,0
4/26/2020,Lakshmipur,0
4/26/2020,Lalmonirhat,0
4/26/2020,Madaripur,1
4/26/2020,Magura,2
4/26/2020,Manikganj,0
4/26/2020,Meherpur,0
4/26/2020,Moulvibazar,2
4/26/2020,Munshiganj,9
4/26/2020,Mymensing,5
4/26/2020,Naogaon,0
4/26/2020,Narail,3
4/26/2020,Narayanganj,31
4/26/2020,Narsingdi,1
4/26/2020,Natore,0
4/26/2020,Netrokona,0
4/26/2020,Nilphamari,0
4/26/2020,Noakhali,0
4/26/2020,Pabna,0
4/26/2020,Panchagarh,1
4/26/2020,Patuakhali,1
4/26/2020,Pirojpur,0
4/26/2020,Rajbari,2
4/26/2020,Rajshahi,0
4/26/2020,Rangamati,0
4/26/2020,Rangpur,2
4/26/2020,Satkhira,0
4/26/2020,Shariatpur,8
4/26/2020,Sherpur,0
4/26/2020,Sirajganj,0
4/26/2020,Sunamganj,1
4/26/2020,Sylhet,1
4/26/2020,Tangail,1
4/26/2020,Thakurgaon,0
4/25/2020,Bagerhat,0
4/25/2020,Bandarban,0
4/25/2020,Barguna,0
4/25/2020,Barishal,3
4/25/2020,Bhola,0
4/25/2020,Bogura,1
4/25/2020,Brahmmanbaria,4
4/25/2020,Chandpur,0
4/25/2020,Chapai Nawabganj,0
4/25/2020,Chattogram,1
4/25/2020,Chuadanga,0
4/25/2020,Cox s Bazar,0
4/25/2020,Cumilla,7
4/25/2020,Dhaka,175
4/25/2020,Dinajpur,0
4/25/2020,Faridpur,1
4/25/2020,Feni,0
4/25/2020,Gaibandha,2
4/25/2020,Gazipur,8
4/25/2020,Gopalganj,3
4/25/2020,Habiganj,20
4/25/2020,Jamalpur,7
4/25/2020,Jashore,0
4/25/2020,Jhalakhati,0
4/25/2020,Jhenaidah,0
4/25/2020,Joypurhat,0
4/25/2020,Khagrachhari,0
4/25/2020,Khulna,0
4/25/2020,Kishoreganj,1
4/25/2020,Kurigram,0
4/25/2020,Kushtia,0
4/25/2020,Lakshmipur,1
4/25/2020,Lalmonirhat,0
4/25/2020,Madaripur,1
4/25/2020,Magura,0
4/25/2020,Manikganj,0
4/25/2020,Meherpur,0
4/25/2020,Moulvibazar,0
4/25/2020,Munshiganj,0
4/25/2020,Mymensing,19
4/25/2020,Naogaon,0
4/25/2020,Narail,0
4/25/2020,Narayanganj,28
4/25/2020,Narsingdi,0
4/25/2020,Natore,0
4/25/2020,Netrokona,3
4/25/2020,Nilphamari,0
4/25/2020,Noakhali,1
4/25/2020,Pabna,0
4/25/2020,Panchagarh,0
4/25/2020,Patuakhali,3
4/25/2020,Pirojpur,2
4/25/2020,Rajbari,1
4/25/2020,Rajshahi,1
4/25/2020,Rangamati,0
4/25/2020,Rangpur,3
4/25/2020,Satkhira,0
4/25/2020,Shariatpur,3
4/25/2020,Sherpur,0
4/25/2020,Sirajganj,0
4/25/2020,Sunamganj,0
4/25/2020,Sylhet,0
4/25/2020,Tangail,1
4/25/2020,Thakurgaon,0
